{
    "language": "en",
    "pipeline": [
        "rasa_nlu.utils.mitie_utils.MitieNLP",
        "rasa_nlu.tokenizers.mitie_tokenizer.MitieTokenizer",
        "rasa_nlu.extractors.mitie_entity_extractor.MitieEntityExtractor",
        "rasa_nlu.extractors.entity_synonyms.EntitySynonymMapper",
        "rasa_nlu.featurizers.regex_featurizer.RegexFeaturizer",
        "rasa_nlu.classifiers.mitie_intent_classifier.MitieIntentClassifier"
    ],
    "training_data": "training_data.json",
    "mitie_feature_extractor_fingerprint": 10023965992282753551,
    "mitie_file": "/home/himadri/Desktop/MITIE-models/english/total_word_feature_extractor.dat",
    "entity_extractor_mitie": "entity_extractor.dat",
    "entity_synonyms": "entity_synonyms.json",
    "regex_featurizer": null,
    "intent_classifier_mitie": "intent_classifier.dat",
    "trained_at": "20180127-070712",
    "rasa_nlu_version": "0.10.6"
}