{
    "entity_synonyms": "entity_synonyms.json", 
    "pipeline": [
        "rasa_nlu.utils.mitie_utils.MitieNLP", 
        "rasa_nlu.tokenizers.mitie_tokenizer.MitieTokenizer", 
        "rasa_nlu.extractors.mitie_entity_extractor.MitieEntityExtractor", 
        "rasa_nlu.extractors.entity_synonyms.EntitySynonymMapper", 
        "rasa_nlu.featurizers.regex_featurizer.RegexFeaturizer", 
        "rasa_nlu.classifiers.mitie_intent_classifier.MitieIntentClassifier"
    ], 
    "mitie_feature_extractor_fingerprint": 10023965992282753551, 
    "regex_featurizer": null, 
    "language": "en", 
    "mitie_file": "/media/hdd1/home/himadri/MITIE-models/english/total_word_feature_extractor.dat", 
    "intent_classifier_mitie": "intent_classifier.dat", 
    "trained_at": "20180127-233211", 
    "training_data": "training_data.json", 
    "entity_extractor_mitie": "entity_extractor.dat", 
    "rasa_nlu_version": "0.10.6"
}